{
  "data_hash": "d5fe476f3ccb7161c73459aa468ae219",
  "method_name": "kci",
  "parameters_hash": "99914b932bd37a50b983c5e7c90ae93b",
  "0;1": 0.0,
  "0;2": 1.252247754934821e-06,
  "0;3": 0.0,
  "0;4": 1.1514678099899811e-11,
  "0;5": 1.0,
  "0;6": 0.4001875755434442,
  "0;7": 0.0,
  "0;8": 0.0033677007217221,
  "0;9": 0.16433375856487464,
  "0;10": 1.0095596781889427e-06,
  "1;2": 0.02807926674675565,
  "1;3": 0.0,
  "1;4": 0.0,
  "1;5": 0.23796848747771115,
  "1;6": 0.12458101089263085,
  "1;7": 0.0,
  "1;8": 0.0,
  "1;9": 0.6420378050790763,
  "1;10": 0.0,
  "2;3": 0.0001423564327855953,
  "2;4": 0.03374779126319727,
  "2;5": 0.5273791248840107,
  "2;6": 0.4493627004666034,
  "2;7": 0.0,
  "2;8": 0.0,
  "2;9": 0.6547213463974051,
  "2;10": 0.00011005515972917213,
  "3;4": 3.8968828164342995e-14,
  "3;5": 0.6207904736812004,
  "3;6": 0.7354759497557875,
  "3;7": 0.0,
  "3;8": 0.0,
  "3;9": 0.8515850719876505,
  "3;10": 0.0,
  "4;5": 0.18839168052010546,
  "4;6": 0.635673216977626,
  "4;7": 0.0,
  "4;8": 0.0,
  "4;9": 0.6019801092037582,
  "4;10": 0.00029387503445177376,
  "5;6": 0.0,
  "5;7": 0.15429929668676634,
  "5;8": 0.7602826336080711,
  "5;9": 0.0,
  "5;10": 0.4170928382387771,
  "6;7": 1.0,
  "6;8": 0.49125641281324883,
  "6;9": 0.0,
  "6;10": 0.6991536933454818,
  "7;8": 0.0,
  "7;9": 0.841992797563676,
  "7;10": 0.0,
  "8;9": 0.6090979978289621,
  "8;10": 1.1102230246251565e-16,
  "9;10": 0.32232718394732707,
  "0;1|2": 0.0,
  "0;1|3": 0.0,
  "0;1|4": 0.0,
  "0;1|7": 0.0,
  "0;1|8": 0.0,
  "0;1|10": 0.0,
  "0;2|1": 7.911850952169175e-09,
  "0;2|3": 0.00746976188570625,
  "0;2|4": 0.0021090724879411216,
  "0;2|7": 0.4108070956380657,
  "0;2|8": 2.5844050128953633e-05,
  "0;2|10": 0.00015811054640713085,
  "0;3|1": 0.016356425491036775,
  "0;3|2": 1.810052108197624e-11,
  "0;3|4": 0.007080447939906587,
  "0;3|7": 0.0071866860916075526,
  "0;3|8": 0.0,
  "0;3|10": 2.0906227704564628e-07,
  "0;4|1": 0.010658999793902946,
  "0;4|2": 0.09643480782566671,
  "0;4|3": 0.015378887603258451,
  "0;4|7": 0.20881947453765415,
  "0;4|8": 6.253711659631733e-08,
  "0;4|10": 0.0003492178912092303,
  "0;7|1": 0.0,
  "0;7|2": 0.0,
  "0;7|3": 3.384621849200631e-05,
  "0;7|4": 0.0,
  "0;7|8": 0.0,
  "0;7|10": 0.0,
  "0;8|1": 3.344363674884221e-10,
  "0;8|2": 0.07958026345430103,
  "0;8|3": 3.910222422420784e-05,
  "0;8|4": 2.211786309658237e-12,
  "0;8|7": 2.579950230630068e-05,
  "0;8|10": 0.0008836589189749056,
  "0;10|1": 0.06834696896020653,
  "0;10|2": 0.0005134087112178554,
  "0;10|3": 0.3755078715237453,
  "0;10|4": 0.0,
  "0;10|7": 0.6966250456827956,
  "0;10|8": 0.0,
  "1;2|0": 0.019449139084119715,
  "1;2|3": 0.005264539788008005,
  "1;2|4": 4.516720331082524e-12,
  "1;2|7": 0.6514386911366673,
  "1;2|8": 0.0,
  "1;2|10": 0.015614191357075091,
  "1;3|0": 0.0,
  "1;3|2": 0.0,
  "1;3|4": 0.0,
  "1;3|7": 0.0,
  "1;3|8": 0.0,
  "1;3|10": 0.0,
  "1;4|0": 1.3322676295501878e-14,
  "1;4|2": 6.661338147750939e-16,
  "1;4|3": 0.0,
  "1;4|7": 0.03245507684185844,
  "1;4|8": 0.0,
  "1;4|10": 0.0,
  "1;7|0": 0.0,
  "1;7|2": 0.0,
  "1;7|3": 0.0,
  "1;7|4": 0.0,
  "1;7|8": 0.0,
  "1;7|10": 0.0,
  "1;8|0": 0.0,
  "1;8|2": 2.7755575615628914e-15,
  "1;8|3": 1.860255194330307e-08,
  "1;8|4": 2.6000035457940385e-10,
  "1;8|7": 1.2017371053829606e-06,
  "1;8|10": 8.04780308949482e-06,
  "1;10|0": 0.012781272256893295,
  "1;10|2": 5.614315663704517e-06,
  "1;10|3": 0.0,
  "1;10|4": 3.8002027942241057e-06,
  "1;10|7": 0.00017159446731596084,
  "1;10|8": 6.090683513093609e-13,
  "2;3|0": 0.0025474793217488134,
  "2;3|1": 0.0001967482221189032,
  "2;3|4": 9.880899414793642e-05,
  "2;3|7": 1.6158795362097855e-05,
  "2;3|8": 3.000932835561798e-13,
  "2;3|10": 2.8215531577835407e-08,
  "2;4|0": 0.05846676895153824,
  "2;4|1": 0.05224742515145664,
  "2;4|3": 0.685311869322744,
  "2;4|7": 0.21730937848334964,
  "2;4|8": 0.0256666887178173,
  "2;4|10": 0.013405905418895414,
  "2;7|0": 0.0,
  "2;7|1": 0.0,
  "2;7|3": 8.881784197001252e-16,
  "2;7|4": 6.228351168147128e-14,
  "2;7|8": 0.0,
  "2;7|10": 0.0,
  "2;8|0": 1.021405182655144e-14,
  "2;8|1": 2.4592539116241596e-10,
  "2;8|3": 0.0009527741005295187,
  "2;8|4": 0.0,
  "2;8|7": 1.5871115532917202e-10,
  "2;8|10": 2.0013203662294643e-05,
  "2;10|0": 0.0023664395111372416,
  "2;10|1": 0.0037932073211534023,
  "2;10|3": 5.300900829396937e-10,
  "2;10|4": 1.1429923640449147e-05,
  "2;10|7": 0.0,
  "2;10|8": 7.216449660063518e-15,
  "3;4|0": 0.0012297809562048512,
  "3;4|1": 0.08424636613323977,
  "3;4|2": 0.06691659592427568,
  "3;4|7": 0.6049426094536212,
  "3;4|8": 0.0,
  "3;4|10": 0.5880194350537815,
  "3;7|0": 0.0,
  "3;7|1": 0.0,
  "3;7|2": 0.0,
  "3;7|4": 0.0,
  "3;7|8": 0.0,
  "3;7|10": 0.0,
  "3;8|0": 0.0,
  "3;8|1": 0.0,
  "3;8|2": 0.0,
  "3;8|4": 0.0,
  "3;8|7": 0.0,
  "3;8|10": 0.0,
  "3;10|0": 0.0,
  "3;10|1": 0.0,
  "3;10|2": 0.0,
  "3;10|4": 0.0,
  "3;10|7": 0.0,
  "3;10|8": 0.0,
  "4;7|0": 0.0,
  "4;7|1": 0.0,
  "4;7|2": 0.0,
  "4;7|3": 0.0,
  "4;7|8": 0.0,
  "4;7|10": 0.0,
  "4;8|0": 0.0,
  "4;8|1": 0.0,
  "4;8|2": 5.02790503675854e-08,
  "4;8|3": 0.0,
  "4;8|7": 0.0,
  "4;8|10": 7.771561172376096e-16,
  "4;10|0": 0.5963189833043783,
  "4;10|1": 0.16321902733619653,
  "4;10|2": 2.186611054666443e-06,
  "4;10|3": 1.0521684286945998e-05,
  "4;10|7": 0.35028278572711824,
  "4;10|8": 0.002905704352434424,
  "5;6|9": 0.0,
  "5;9|6": 0.0,
  "6;9|5": 5.750299244544621e-07,
  "7;8|0": 0.0,
  "7;8|1": 0.0,
  "7;8|2": 0.0,
  "7;8|3": 0.0,
  "7;8|4": 0.0,
  "7;8|10": 0.0,
  "7;10|0": 0.0,
  "7;10|1": 0.0,
  "7;10|2": 0.0,
  "7;10|3": 0.0,
  "7;10|4": 2.906984673201052e-06,
  "7;10|8": 0.0,
  "8;10|0": 0.0,
  "8;10|1": 0.0,
  "8;10|2": 0.0,
  "8;10|3": 1.198140784364199e-07,
  "8;10|4": 0.0,
  "8;10|7": 2.3488613096755984e-06,
  "0;1|3.7": 0.0,
  "0;3|1.7": 0.39194289985974184,
  "0;7|1.3": 1.1102230246251565e-16,
  "0;1|3.4": 0.0,
  "0;1|3.8": 0.0,
  "0;1|3.10": 0.0,
  "0;1|4.7": 0.0,
  "0;1|4.8": 0.0,
  "0;1|4.10": 0.0,
  "0;1|7.8": 0.0,
  "0;1|7.10": 0.0,
  "0;1|8.10": 0.0,
  "1;3|0.4": 0.0,
  "1;3|0.7": 0.0,
  "1;3|0.8": 0.0,
  "1;3|0.10": 0.0,
  "1;3|4.7": 0.0,
  "1;3|4.8": 0.0,
  "1;3|4.10": 0.0,
  "1;3|7.8": 0.0,
  "1;3|7.10": 0.0,
  "1;3|8.10": 0.0,
  "1;4|0.3": 0.0,
  "1;4|0.7": 0.21825302223086718,
  "1;4|0.8": 0.0,
  "1;4|0.10": 4.190248148461251e-11,
  "1;4|3.7": 0.6239429660824909,
  "1;4|3.8": 0.0,
  "1;4|3.10": 0.0,
  "1;4|7.8": 0.2718399207744736,
  "1;4|7.10": 0.12471857219657101,
  "1;4|8.10": 0.0,
  "1;7|0.3": 0.0,
  "1;7|0.4": 0.0,
  "1;7|0.8": 0.0,
  "1;7|0.10": 0.0,
  "1;7|3.4": 0.0,
  "1;7|3.8": 0.0,
  "1;7|3.10": 0.0,
  "1;7|4.8": 0.0,
  "1;7|4.10": 0.0,
  "1;7|8.10": 0.0,
  "1;8|0.3": 8.990586053414518e-13,
  "1;8|0.4": 1.7181008118094532e-05,
  "1;8|0.7": 0.05954125944771427,
  "1;8|0.10": 4.188439340135908e-06,
  "1;8|3.4": 0.18069556215175486,
  "1;8|3.7": 0.6076711079599113,
  "1;8|3.10": 0.5925047794358542,
  "1;8|4.7": 0.016912547646282583,
  "1;8|4.10": 0.010799844398818093,
  "1;8|7.10": 0.06630159033695959,
  "1;10|0.3": 0.0,
  "1;10|0.4": 0.34180231705133246,
  "1;10|0.7": 2.5693303737917006e-06,
  "1;10|0.8": 0.0032704974559507605,
  "1;10|3.4": 2.8199664825478976e-14,
  "1;10|3.7": 0.11028611144262868,
  "1;10|3.8": 0.0,
  "1;10|4.7": 4.031791494496506e-05,
  "1;10|4.8": 6.661338147750939e-16,
  "1;10|7.8": 1.3908742340640323e-05,
  "2;3|7.8": 1.0,
  "2;3|7.10": 0.22466395851440302,
  "2;3|8.10": 1.7069960306370646e-06,
  "2;7|3.8": 1.5543122344752192e-15,
  "2;7|3.10": 0.0,
  "2;7|8.10": 3.5580986490479916e-08,
  "2;8|3.7": 1.346700528870315e-13,
  "2;8|3.10": 0.0,
  "2;8|7.10": 0.0,
  "2;10|3.7": 9.242606680004428e-13,
  "2;10|3.8": 0.01826387936606433,
  "2;10|7.8": 0.1794222981718696,
  "0;3|1.2": 0.14236199062491783,
  "0;3|1.8": 0.02252341864274998,
  "0;3|1.10": 0.029848699077898555,
  "0;3|2.7": 0.0,
  "0;3|2.8": 3.642530721492676e-12,
  "0;3|2.10": 0.0008235437089935127,
  "0;3|7.8": 1.1358758378321454e-10,
  "0;3|7.10": 1.6947937623301712e-06,
  "0;3|8.10": 0.0,